<manifest xmlns="http://www.imsproject.org/xsd/imscp_rootv1p1p2" xmlns:adlcp="http://www.adlnet.org/xsd/adlcp_rootv1p2" xmlns:xsi="http://www.w3.org/2001/XMLSchema-instance" identifier="manifest_24-May-2022-12-40-" version="1.0" xsi:schemaLocation="http://www.imsproject.org/xsd/imscp_rootv1p1p2 imscp_rootv1p1p2.xsd http://www.imsglobal.org/xsd/imsmd_rootv1p2p1 imsmd_rootv1p2p1.xsd http://www.adlnet.org/xsd/adlcp_rootv1p2 adlcp_rootv1p2.xsd">
  <metadata>
    <schema>ADL SCORM</schema>
    <schemaversion>1.2</schemaversion>
  </metadata>
  <organizations default="petlja_org">
    <organization identifier="petlja_org">
      <title>Рачунарска графика за трећи разред гимназије</title>
      <item identifier="home_page">
        <title>Рачунарска графика за трећи разред гимназије</title>
        <item identifier="indexid" identifierref="index">
          <title>Рачунарска графика за трећи разред гимназије</title>
        </item>
      </item>
    </organization>
  </organizations>
  <resources>
    <resource identifier="common_files" type="webcontent" adlcp:scormtype="asset">
      <file href="./_static/accessibility.css"/>
      <file href="./_static/accessibilitydarkest.css"/>
      <file href="./_static/accessibilitylight.css"/>
      <file href="./_static/active.png"/>
      <file href="./_static/activecode-i18n.en.js"/>
      <file href="./_static/activecode-i18n.sr-Cyrl.js"/>
      <file href="./_static/activecode-i18n.sr-Latn.js"/>
      <file href="./_static/activecode-i18n.sr.js"/>
      <file href="./_static/activecode.css"/>
      <file href="./_static/activecode.js"/>
      <file href="./_static/animationbase.js"/>
      <file href="./_static/associations-i18n.en.js"/>
      <file href="./_static/associations-i18n.sr-Cyrl.js"/>
      <file href="./_static/associations-i18n.sr-Latn.js"/>
      <file href="./_static/associations-i18n.sr.js"/>
      <file href="./_static/associations.css"/>
      <file href="./_static/associations.js"/>
      <file href="./_static/basic.css"/>
      <file href="./_static/Blob.js"/>
      <file href="./_static/blockly_compressed.js"/>
      <file href="./_static/blockpy-modal.js"/>
      <file href="./_static/blocks_compressed.js"/>
      <file href="./_static/bookfuncs.js"/>
      <file href="./_static/bootstrap-sphinx.css"/>
      <file href="./_static/bootstrap-sphinx.js"/>
      <file href="./_static/bootstrap.min.css"/>
      <file href="./_static/clickable.css"/>
      <file href="./_static/clickable.js"/>
      <file href="./_static/clike.js"/>
      <file href="./_static/codelens.js"/>
      <file href="./_static/codemirror.css"/>
      <file href="./_static/codemirror.js"/>
      <file href="./_static/completed.png"/>
      <file href="./_static/course-errors.js"/>
      <file href="./_static/css.js"/>
      <file href="./_static/d3.v2.min.js"/>
      <file href="./_static/datafile.css"/>
      <file href="./_static/datafile.js"/>
      <file href="./_static/dbDirective.css"/>
      <file href="./_static/dbDirective.js"/>
      <file href="./_static/diff_match_patch.js"/>
      <file href="./_static/doctools.js"/>
      <file href="./_static/documentation_options.js"/>
      <file href="./_static/dragndrop-i18n.en.js"/>
      <file href="./_static/dragndrop-i18n.sr-Cyrl.js"/>
      <file href="./_static/dragndrop-i18n.sr-Latn.js"/>
      <file href="./_static/dragndrop-i18n.sr.js"/>
      <file href="./_static/dragndrop.css"/>
      <file href="./_static/dragndrop.js"/>
      <file href="./_static/error_log.txt"/>
      <file href="./_static/external.css"/>
      <file href="./_static/favicon.ico"/>
      <file href="./_static/file.png"/>
      <file href="./_static/FileSaver.min.js"/>
      <file href="./_static/fitb-i18n.en.js"/>
      <file href="./_static/fitb-i18n.sr-Cyrl.js"/>
      <file href="./_static/fitb-i18n.sr-Latn.js"/>
      <file href="./_static/fitb-i18n.sr.js"/>
      <file href="./_static/fitb.css"/>
      <file href="./_static/fitb.js"/>
      <file href="./_static/flatly.min.css"/>
      <file href="./_static/gallery.css"/>
      <file href="./_static/gallery.js"/>
      <file href="./_static/guiders-1.3.0.css"/>
      <file href="./_static/guiders-1.3.0.js"/>
      <file href="./_static/htmlmixed.js"/>
      <file href="./_static/javascript.js"/>
      <file href="./_static/javascript_compressed.js"/>
      <file href="./_static/jquery-3.2.1.js"/>
      <file href="./_static/jquery-fix.js"/>
      <file href="./_static/jquery-migrate-1.2.1.min.js"/>
      <file href="./_static/jquery-ui-1.10.3.custom.min.css"/>
      <file href="./_static/jquery-ui-1.10.3.custom.min.js"/>
      <file href="./_static/jquery.ba-bbq.min.js"/>
      <file href="./_static/jquery.highlight.js"/>
      <file href="./_static/jquery.hotkey.js"/>
      <file href="./_static/jquery.idle-timer.js"/>
      <file href="./_static/jquery.js"/>
      <file href="./_static/jquery.jsPlumb-1.3.10-all-min.js"/>
      <file href="./_static/jquery.tablesorter.js"/>
      <file href="./_static/karel-i18n.en.js"/>
      <file href="./_static/karel-i18n.sr-Cyrl.js"/>
      <file href="./_static/karel-i18n.sr.js"/>
      <file href="./_static/karel.css"/>
      <file href="./_static/karel.js"/>
      <file href="./_static/karelCorner.js"/>
      <file href="./_static/karelRobot.js"/>
      <file href="./_static/karelRobotDrawer.js"/>
      <file href="./_static/karelUI.js"/>
      <file href="./_static/karelWorld.js"/>
      <file href="./_static/language_data.js"/>
      <file href="./_static/LICENSE.txt"/>
      <file href="./_static/matrixeq.css"/>
      <file href="./_static/matrixeq.js"/>
      <file href="./_static/mchoice-i18n.en.js"/>
      <file href="./_static/mchoice-i18n.sr-Cyrl.js"/>
      <file href="./_static/mchoice-i18n.sr-Latn.js"/>
      <file href="./_static/mchoice-i18n.sr.js"/>
      <file href="./_static/mchoice.js"/>
      <file href="./_static/merge.css"/>
      <file href="./_static/merge.js"/>
      <file href="./_static/minus.png"/>
      <file href="./_static/modal-basic.css"/>
      <file href="./_static/navhelp.js"/>
      <file href="./_static/nbstyle.css"/>
      <file href="./_static/nimgame-i18n.en.js"/>
      <file href="./_static/nimgame-i18n.sr-Cyrl.js"/>
      <file href="./_static/nimgame-i18n.sr-Latn.js"/>
      <file href="./_static/nimgame-i18n.sr.js"/>
      <file href="./_static/nimgame.css"/>
      <file href="./_static/nimgame.js"/>
      <file href="./_static/notes.css"/>
      <file href="./_static/notes.js"/>
      <file href="./_static/p5js.css"/>
      <file href="./_static/p5js.js"/>
      <file href="./_static/parsons-i18n.en.js"/>
      <file href="./_static/parsons-i18n.sr-Cyrl.js"/>
      <file href="./_static/parsons-i18n.sr-Latn.js"/>
      <file href="./_static/parsons-i18n.sr.js"/>
      <file href="./_static/parsons-ll.svg"/>
      <file href="./_static/parsons-lr.svg"/>
      <file href="./_static/parsons-rl.svg"/>
      <file href="./_static/parsons-rr.svg"/>
      <file href="./_static/parsons.css"/>
      <file href="./_static/parsons.js"/>
      <file href="./_static/petlja-course.css"/>
      <file href="./_static/petlja.js"/>
      <file href="./_static/play_button.svg"/>
      <file href="./_static/play_overlay_icon.png"/>
      <file href="./_static/plus.png"/>
      <file href="./_static/poll.css"/>
      <file href="./_static/poll.js"/>
      <file href="./_static/presenter_mode.css"/>
      <file href="./_static/presenter_mode.js"/>
      <file href="./_static/primer_dokument.pdf"/>
      <file href="./_static/processing-1.4.1.min.js"/>
      <file href="./_static/pygamelib-init.js"/>
      <file href="./_static/pygments.css"/>
      <file href="./_static/python.js"/>
      <file href="./_static/python_compressed.js"/>
      <file href="./_static/pytutor.css"/>
      <file href="./_static/pytutor.js"/>
      <file href="./_static/rangy-core.js"/>
      <file href="./_static/rangy-cssclassapplier.js"/>
      <file href="./_static/rangy-textrange.js"/>
      <file href="./_static/regex-check-i18n.en.js"/>
      <file href="./_static/regex-check-i18n.sr-Cyrl.js"/>
      <file href="./_static/regex-check-i18n.sr-Latn.js"/>
      <file href="./_static/regex-check-i18n.sr.js"/>
      <file href="./_static/regex-check.css"/>
      <file href="./_static/regex-check.js"/>
      <file href="./_static/require.js"/>
      <file href="./_static/reveal.js"/>
      <file href="./_static/runestone-custom-sphinx-bootstrap.css"/>
      <file href="./_static/runestonebase.js"/>
      <file href="./_static/runestonevideo.js"/>
      <file href="./_static/searchtools.js"/>
      <file href="./_static/sharedb.js"/>
      <file href="./_static/shortanswer.css"/>
      <file href="./_static/shortanswer.js"/>
      <file href="./_static/showEval.css"/>
      <file href="./_static/showEval.js"/>
      <file href="./_static/simanim-0.0.4-py3-none-any.whl"/>
      <file href="./_static/skulpt-stdlib.js"/>
      <file href="./_static/skulpt.min.js"/>
      <file href="./_static/sortmodels.js"/>
      <file href="./_static/sortviewers.js"/>
      <file href="./_static/sql.js"/>
      <file href="./_static/style.css"/>
      <file href="./_static/tabbedstuff.css"/>
      <file href="./_static/tabbedstuff.js"/>
      <file href="./_static/timed.js"/>
      <file href="./_static/timedclickable.js"/>
      <file href="./_static/timeddnd.js"/>
      <file href="./_static/timedfitb.js"/>
      <file href="./_static/timedmc.js"/>
      <file href="./_static/timedparsons.js"/>
      <file href="./_static/timed_activecode.js"/>
      <file href="./_static/timed_shortanswer.js"/>
      <file href="./_static/translations.js"/>
      <file href="./_static/underscore-1.3.1.js"/>
      <file href="./_static/underscore.js"/>
      <file href="./_static/user-highlights.css"/>
      <file href="./_static/user-highlights.js"/>
      <file href="./_static/video.css"/>
      <file href="./_static/waypoints.min.js"/>
      <file href="./_static/webgldemo.css"/>
      <file href="./_static/webglinteractive.css"/>
      <file href="./_static/webglinteractive.js"/>
      <file href="./_static/x.png"/>
      <file href="./_static/xml.js"/>
      <file href="./_static/blockly/1x1.gif"/>
      <file href="./_static/blockly/blockly_compressed.js"/>
      <file href="./_static/blockly/blocks_compressed.js"/>
      <file href="./_static/blockly/click.mp3"/>
      <file href="./_static/blockly/click.ogg"/>
      <file href="./_static/blockly/click.wav"/>
      <file href="./_static/blockly/delete.mp3"/>
      <file href="./_static/blockly/delete.ogg"/>
      <file href="./_static/blockly/delete.wav"/>
      <file href="./_static/blockly/disconnect.mp3"/>
      <file href="./_static/blockly/disconnect.ogg"/>
      <file href="./_static/blockly/disconnect.wav"/>
      <file href="./_static/blockly/handclosed.cur"/>
      <file href="./_static/blockly/handdelete.cur"/>
      <file href="./_static/blockly/handopen.cur"/>
      <file href="./_static/blockly/msg-sr.js"/>
      <file href="./_static/blockly/python_compressed.js"/>
      <file href="./_static/blockly/quote0.png"/>
      <file href="./_static/blockly/quote1.png"/>
      <file href="./_static/blockly/sprites.png"/>
      <file href="./_static/blockly/sprites.svg"/>
      <file href="./_static/blockpy/abstract_interpreter.js"/>
      <file href="./_static/blockpy/abstract_interpreter_definitions.js"/>
      <file href="./_static/blockpy/ast_node_visitor.js"/>
      <file href="./_static/blockpy/imported.js"/>
      <file href="./_static/blockpy/python_errors.js"/>
      <file href="./_static/blockpy/python_to_blockly.js"/>
      <file href="./_static/blockpy/pytifa.js"/>
      <file href="./_static/blockpy/utilities.js"/>
      <file href="./_static/blockpy/blocks/class.js"/>
      <file href="./_static/blockpy/blocks/comment.js"/>
      <file href="./_static/blockpy/blocks/comprehensions.js"/>
      <file href="./_static/blockpy/blocks/decorator.js"/>
      <file href="./_static/blockpy/blocks/dict.js"/>
      <file href="./_static/blockpy/blocks/if.js"/>
      <file href="./_static/blockpy/blocks/io.js"/>
      <file href="./_static/blockpy/blocks/lists.js"/>
      <file href="./_static/blockpy/blocks/loops.js"/>
      <file href="./_static/blockpy/blocks/parking.js"/>
      <file href="./_static/blockpy/blocks/plots.js"/>
      <file href="./_static/blockpy/blocks/sets.js"/>
      <file href="./_static/blockpy/blocks/text.js"/>
      <file href="./_static/blockpy/blocks/tuple.js"/>
      <file href="./_static/blockpy/blocks/turtles.js"/>
      <file href="./_static/bootstrap-4.0.0-dist/css/bootstrap.min.css"/>
      <file href="./_static/bootstrap-4.0.0-dist/js/bootstrap.bundle.min.js"/>
      <file href="./_static/bootstrap-4.0.0-dist/js/bootstrap.min.js"/>
      <file href="./_static/css/font-awesome.min.css"/>
      <file href="./_static/fonts/fontawesome-webfont.eot"/>
      <file href="./_static/fonts/fontawesome-webfont.svg"/>
      <file href="./_static/fonts/fontawesome-webfont.ttf"/>
      <file href="./_static/fonts/fontawesome-webfont.woff"/>
      <file href="./_static/fonts/fontawesome-webfont.woff2"/>
      <file href="./_static/fonts/FontAwesome.otf"/>
      <file href="./_static/images/animated-overlay.gif"/>
      <file href="./_static/images/logo.svg"/>
      <file href="./_static/images/netkabinet-logo-strelica-wt.svg"/>
      <file href="./_static/images/petlja-logo-wt.svg"/>
      <file href="./_static/images/play_button.svg"/>
      <file href="./_static/images/ui-bg_diagonals-thick_18_b81900_40x40.png"/>
      <file href="./_static/images/ui-bg_diagonals-thick_20_666666_40x40.png"/>
      <file href="./_static/images/ui-bg_flat_0_aaaaaa_40x100.png"/>
      <file href="./_static/images/ui-bg_flat_10_000000_40x100.png"/>
      <file href="./_static/images/ui-bg_flat_75_ffffff_40x100.png"/>
      <file href="./_static/images/ui-bg_glass_100_f6f6f6_1x400.png"/>
      <file href="./_static/images/ui-bg_glass_100_fdf5ce_1x400.png"/>
      <file href="./_static/images/ui-bg_glass_55_fbf9ee_1x400.png"/>
      <file href="./_static/images/ui-bg_glass_65_ffffff_1x400.png"/>
      <file href="./_static/images/ui-bg_glass_75_dadada_1x400.png"/>
      <file href="./_static/images/ui-bg_glass_75_e6e6e6_1x400.png"/>
      <file href="./_static/images/ui-bg_glass_95_fef1ec_1x400.png"/>
      <file href="./_static/images/ui-bg_gloss-wave_35_f6a828_500x100.png"/>
      <file href="./_static/images/ui-bg_highlight-soft_100_eeeeee_1x100.png"/>
      <file href="./_static/images/ui-bg_highlight-soft_75_cccccc_1x100.png"/>
      <file href="./_static/images/ui-bg_highlight-soft_75_ffe45c_1x100.png"/>
      <file href="./_static/images/ui-icons_222222_256x240.png"/>
      <file href="./_static/images/ui-icons_228ef1_256x240.png"/>
      <file href="./_static/images/ui-icons_2e83ff_256x240.png"/>
      <file href="./_static/images/ui-icons_454545_256x240.png"/>
      <file href="./_static/images/ui-icons_888888_256x240.png"/>
      <file href="./_static/images/ui-icons_cd0a0a_256x240.png"/>
      <file href="./_static/images/ui-icons_ef8c08_256x240.png"/>
      <file href="./_static/images/ui-icons_ffd27a_256x240.png"/>
      <file href="./_static/images/ui-icons_ffffff_256x240.png"/>
      <file href="./_static/img/active.png"/>
      <file href="./_static/img/completed.png"/>
      <file href="./_static/img/Facebook.png"/>
      <file href="./_static/img/Facebook_icon.png"/>
      <file href="./_static/img/favicon.ico"/>
      <file href="./_static/img/karel-ball.png"/>
      <file href="./_static/img/karel-east.png"/>
      <file href="./_static/img/karel-hole.png"/>
      <file href="./_static/img/karel-north.png"/>
      <file href="./_static/img/karel-south.png"/>
      <file href="./_static/img/karel-west.png"/>
      <file href="./_static/img/logo.png"/>
      <file href="./_static/img/logo_small.png"/>
      <file href="./_static/img/netkabinet-logo-strelica-wt.svg"/>
      <file href="./_static/img/petlja-logo-wt.svg"/>
      <file href="./_static/img/play_overlay_icon.png"/>
      <file href="./_static/img/question-mark-old.png"/>
      <file href="./_static/img/question-mark.png"/>
      <file href="./_static/img/Twitter.png"/>
      <file href="./_static/img/Twitter_icon.png"/>
      <file href="./_static/jquery_i18n/CLDRPluralRuleParser.js"/>
      <file href="./_static/jquery_i18n/jquery.i18n.emitter.bidi.js"/>
      <file href="./_static/jquery_i18n/jquery.i18n.emitter.js"/>
      <file href="./_static/jquery_i18n/jquery.i18n.fallbacks.js"/>
      <file href="./_static/jquery_i18n/jquery.i18n.js"/>
      <file href="./_static/jquery_i18n/jquery.i18n.language.js"/>
      <file href="./_static/jquery_i18n/jquery.i18n.messagestore.js"/>
      <file href="./_static/jquery_i18n/jquery.i18n.parser.js"/>
      <file href="./_static/lib/hammer.min.js"/>
      <file href="./_static/lib/hammer.min.js.map"/>
      <file href="./_static/lib/prettify.COPYING"/>
      <file href="./_static/lib/prettify.css"/>
      <file href="./_static/lib/prettify.js"/>
      <file href="./_static/media/1x1.gif"/>
      <file href="./_static/media/click.mp3"/>
      <file href="./_static/media/click.ogg"/>
      <file href="./_static/media/click.wav"/>
      <file href="./_static/media/delete.mp3"/>
      <file href="./_static/media/delete.ogg"/>
      <file href="./_static/media/delete.wav"/>
      <file href="./_static/media/handclosed.cur"/>
      <file href="./_static/media/handopen.cur"/>
      <file href="./_static/media/quote0.png"/>
      <file href="./_static/media/quote1.png"/>
      <file href="./_static/media/trashbody.png"/>
      <file href="./_static/media/trashlid.png"/>
      <file href="./_static/media/tree.png"/>
      <file href="./_static/msg/js/en.js"/>
      <file href="./_static/pygamelib/display.js"/>
      <file href="./_static/pygamelib/draw.js"/>
      <file href="./_static/pygamelib/event.js"/>
      <file href="./_static/pygamelib/font.js"/>
      <file href="./_static/pygamelib/image.js"/>
      <file href="./_static/pygamelib/key.js"/>
      <file href="./_static/pygamelib/mouse.js"/>
      <file href="./_static/pygamelib/pygame.js"/>
      <file href="./_static/pygamelib/time.js"/>
      <file href="./_static/pygamelib/transform.js"/>
      <file href="./_static/pygamelib/version.js"/>
      <file href="./_static/pygamelib/__init__.js"/>
    </resource>
    <resource identifier="index" type="webcontent" href="1_RG/Računarska_grafika.html" adlcp:scormtype="sco">
      <file href="1_RG/Računarska_grafika.html"/>
      <file href="Čas 1. Uvod u računarsku grafiku/Kviz_Uvod_u_računarsku_grafiku.html"/>
      <file href="Čas 2. Radno okruženje programa za obradu rasterske grafike/Vežbaonica_Radno_okruženje_programa_za_obradu_rasterske_grafike.html"/>
      <file href="Čas 2. Radno okruženje programa za obradu rasterske grafike/Kviz_Radno_okruženje_programa_za_obradu_rasterske_grafike.html"/>
      <file href="Čas 3. Optimizacija slike za štampanje i radi objavljivanja na internetu/Vežbaonica_Optimizacija_slike_za_štampanje_i_radi_objavljivanja_na_internetu.html"/>
      <file href="Čas 3. Optimizacija slike za štampanje i radi objavljivanja na internetu/Kviz_Optimizacija_slike_za_štampanje_i_radi_objavljivanja_na_internetu.html"/>
      <file href="Čas 5. Obrada rasterske slike/Kviz_Obrada_rasterske_slike.html"/>
      <file href="Čas 7. Radno okruženje programa za kreiranje vektorske grafike/Vežbaonica_Radno_okruženje_programa_za_kreiranje_vektorske_grafike.html"/>
      <file href="Čas 7. Radno okruženje programa za kreiranje vektorske grafike/Kviz_Radno_okruženje_programa_za_kreiranje_vektorske_grafike.html"/>
      <file href="Čas 8. Crtanje osnovnih grafičkih elemenata/Vežbaonica_Crtanje_osnovnih_grafičkih_elemenata.html"/>
      <file href="Čas 8. Crtanje osnovnih grafičkih elemenata/Kviz_Crtanje_osnovnih_grafičkih_elemenata.html"/>
      <file href="Čas 9. Operacije nad objektima/Vežbaonica_Operacije_nad_objektima.html"/>
      <file href="Čas 9. Operacije nad objektima/Kviz_Operacije_nad_objektima.html"/>
      <dependency identifierref="common_files"/>
    </resource>
  </resources>
</manifest>
